{
    "shows": [
        {
            "showName": "random",
            "path": "shows/random.png",
            "numLights": 13,
            "frameRate": 32
        },
        {
            "showName": "ew_test_1",
            "path": "shows/sample.png",
            "numLights": 13,
            "frameRate": 32
        },
        {
            "showName": "Skrillex/Habstrakt - Chicken Soup",
            "path": "shows/chickensoup.png",
            "numLights": 13,
            "frameRate": 64
        },
        {
            "showName": "Overture",
            "path": "shows/overture.png",
            "numLights": 13,
            "frameRate": 32
        }
    ]
}